<Show>
	<name>Silicon Valley</name>
	<totalseasons>2</totalseasons>
	<Episodelist>
		<Season no="1">
			<episode>
				<epnum>1</epnum>
				<seasonnum>01</seasonnum>
				<prodnum/>
				<airdate>2014-04-06</airdate>
				<link>
					http://www.tvrage.com/silicon-valley/episodes/1065461048
				</link>
				<title>Minimum Viable Product</title>
			</episode>
			<episode>
				<epnum>2</epnum>
				<seasonnum>02</seasonnum>
				<prodnum/>
				<airdate>2014-04-13</airdate>
				<link>
					http://www.tvrage.com/silicon-valley/episodes/1065508610
				</link>
				<title>The Cap Table</title>
			</episode>
			<episode>
				<epnum>3</epnum>
				<seasonnum>03</seasonnum>
				<prodnum/>
				<airdate>2014-04-20</airdate>
				<link>
					http://www.tvrage.com/silicon-valley/episodes/1065508611
				</link>
				<title>Articles of Incorporation</title>
			</episode>
			<episode>
				<epnum>4</epnum>
				<seasonnum>04</seasonnum>
				<prodnum/>
				<airdate>2014-04-27</airdate>
				<link>
					http://www.tvrage.com/silicon-valley/episodes/1065508612
				</link>
				<title>Fiduciary Duties</title>
			</episode>
			<episode>
				<epnum>5</epnum>
				<seasonnum>05</seasonnum>
				<prodnum/>
				<airdate>2014-05-04</airdate>
				<link>
					http://www.tvrage.com/silicon-valley/episodes/1065536631
				</link>
				<title>Signaling Risk</title>
			</episode>
			<episode>
				<epnum>6</epnum>
				<seasonnum>06</seasonnum>
				<prodnum/>
				<airdate>2014-05-11</airdate>
				<link>
					http://www.tvrage.com/silicon-valley/episodes/1065536632
				</link>
				<title>Third Party Insourcing</title>
			</episode>
			<episode>
				<epnum>7</epnum>
				<seasonnum>07</seasonnum>
				<prodnum/>
				<airdate>2014-05-18</airdate>
				<link>
					http://www.tvrage.com/silicon-valley/episodes/1065536633
				</link>
				<title>Proof of Concept</title>
			</episode>
			<episode>
				<epnum>8</epnum>
				<seasonnum>08</seasonnum>
				<prodnum/>
				<airdate>2014-06-01</airdate>
				<link>
					http://www.tvrage.com/silicon-valley/episodes/1065564884
				</link>
				<title>Optimal Tip-to-Tip Efficiency</title>
			</episode>
		</Season>
		<Season no="2">
			<episode>
				<epnum>9</epnum>
				<seasonnum>01</seasonnum>
				<prodnum/>
				<airdate>2015-04-12</airdate>
				<link>
					http://www.tvrage.com/silicon-valley/episodes/1065699975
				</link>
				<title>Sand Hill Shuffle</title>
			</episode>
			<episode>
				<epnum>10</epnum>
				<seasonnum>02</seasonnum>
				<prodnum/>
				<airdate>2015-04-19</airdate>
				<link>
					http://www.tvrage.com/silicon-valley/episodes/1065761969
				</link>
				<title>Runaway Devaluation</title>
			</episode>
			<episode>
				<epnum>11</epnum>
				<seasonnum>03</seasonnum>
				<prodnum/>
				<airdate>2015-04-26</airdate>
				<link>
					http://www.tvrage.com/silicon-valley/episodes/1065761970
				</link>
				<title>Bad Money</title>
			</episode>
			<episode>
				<epnum>12</epnum>
				<seasonnum>04</seasonnum>
				<prodnum/>
				<airdate>2015-05-03</airdate>
				<link>
					http://www.tvrage.com/silicon-valley/episodes/1065761971
				</link>
				<title>The Lady</title>
			</episode>
			<episode>
				<epnum>13</epnum>
				<seasonnum>05</seasonnum>
				<prodnum/>
				<airdate>2015-05-10</airdate>
				<link>
					http://www.tvrage.com/silicon-valley/episodes/1065787792
				</link>
				<title>Server Space</title>
			</episode>
			<episode>
				<epnum>14</epnum>
				<seasonnum>06</seasonnum>
				<prodnum/>
				<airdate>2015-05-17</airdate>
				<link>
					http://www.tvrage.com/silicon-valley/episodes/1065791605
				</link>
				<title>Homicide</title>
			</episode>
			<episode>
				<epnum>15</epnum>
				<seasonnum>07</seasonnum>
				<prodnum/>
				<airdate>2015-05-24</airdate>
				<link>
					http://www.tvrage.com/silicon-valley/episodes/1065794214
				</link>
				<title>Adult Content</title>
			</episode>
			<episode>
				<epnum>16</epnum>
				<seasonnum>08</seasonnum>
				<prodnum/>
				<airdate>2015-05-31</airdate>
				<link>
					http://www.tvrage.com/silicon-valley/episodes/1065794215
				</link>
				<title>White Hat / Black Hat</title>
			</episode>
			<episode>
				<epnum>17</epnum>
				<seasonnum>09</seasonnum>
				<prodnum/>
				<airdate>2015-06-07</airdate>
				<link>
					http://www.tvrage.com/silicon-valley/episodes/1065794966
				</link>
				<title>Binding Arbitration</title>
			</episode>
			<episode>
				<epnum>18</epnum>
				<seasonnum>10</seasonnum>
				<prodnum/>
				<airdate>2015-06-14</airdate>
				<link>
					http://www.tvrage.com/silicon-valley/episodes/1065794967
				</link>
				<title>Two Days of The Condor</title>
			</episode>
		</Season>
		<Special>
			<episode>
				<season>1</season>
				<airdate>0000-00-00</airdate>
				<link>
					http://www.tvrage.com/silicon-valley/episodes/1065571375
				</link>
				<title>Making Silicon Valley</title>
			</episode>
		</Special>
	</Episodelist>
</Show>